Feature,Importance
Age,0.07593194915896666
Monthly Income,0.06835783307418308
Over Time,0.062414315636277196
Total Working Years,0.05675750830144575
Daily Rate,0.055214357918373015
Years At Company,0.05148053664899306
Hourly Rate,0.04888074498182261
Monthly Rate,0.047143155571260385
Distance From Home,0.04136835335521508
Num Companies Worked,0.03439987875044077
Job Role,0.033693534548684526
Years With Curr Manager,0.03348311536511238
Stock Option Level,0.03282093625751749
Percent Salary Hike,0.03243715994993626
Years In Current Role,0.0289549964879282
